{
    "precision": 0.7795867251095805,
    "recall": 0.8861209964412812,
    "f1_score": 0.8294470353097935
}